etiqueta,TAUP,PEN,PP
valor,0.15140069823711338,0.16239092325862747,0.15140069823711338
(in %),5.263325311745311,0.366,2.3138336766530796
