etiqueta,TAUP,PEN,PP
valor,0.06252510136016132,0.04925422871265062,0.06252510136016132
(in %),7.111623663994103,0.366,3.1263775995494187
