etiqueta,K,A,B,BA,r,pa
valor,6.475146679656259,6.87166967250348,0.39652298286367665,0.0,0.369557979891018,6.491779572846879
(in %),494.7933735811639,525.0933743440489,30.299999999999997,0.0,,
