etiqueta,L,HH,INC,w
valor,2.847892910189878,23.48818883678809,0.44369104715471985,1.010052644980343
