etiqueta,K,A,B,BA,r,pa
valor,6.715103144712541,7.226055065334238,0.5109519202897197,0.0,0.5069012282515238,8.546783143353288
(in %),398.21285957672865,428.5128595964153,30.3,0.0,,
