etiqueta,Y,C,I,G
valor,3.0167173541362247,1.812423888947303,0.6893487401101746,0.5149418260074908
(in %),100.0,60.07934042817391,22.85095549853246,17.069607973098755
