etiqueta,TAUC,TAUW,TAUR,TOTAL,G,B
valor,0.7367020546027654,0.49102994394373467,0.0,1.2277319985465,1.1169128498030885,0.39652298286367665
(in %),11.258904638139498,7.504335407771428,0.0,18.763240045910926,17.069607973098755,30.3
(rate),19.0,17.07026693322346,0.0,,,
