etiqueta,L,HH,INC,w
valor,3.6090267820372635,24.647090169584988,0.20456041706987999,0.367467127668177
