etiqueta,TAUP,PEN,PP
valor,0.31982301616403414,0.20925383331896763,0.31982301616403414
(in %),8.628402150402145,0.366,3.7931699656889264
