etiqueta,L,HH,INC,w
valor,3.6074834467885433,24.626495260786225,0.5717317850245017,1.027483814391888
