etiqueta,Y,C,I,G
valor,1.9999216143684175,1.3265676354303269,0.3319763674067402,0.3413787793419567
(in %),100.0,66.33098146945433,16.59946895026581,17.069607973098755
