etiqueta,TAUP,PEN,PP
valor,0.11442975760436004,0.07486911264757608,0.11442975760436004
(in %),8.628402150402149,0.366,3.793187898344711
