etiqueta,TAUC,TAUW,TAUR,TOTAL,G,B
valor,0.3443605388999876,0.24673008467053448,0.0,0.591090623570522,0.5149418260074908,0.18281307166065522
(in %),11.415074681353042,8.178760410956054,0.0,19.593835092309096,17.069607973098755,30.3
(rate),19.0,18.60430746083332,0.0,,,
