etiqueta,Y,C,I,G
valor,8.431549839764351,5.066390921126133,1.925926417091687,1.4392325037042109
(in %),100.0,60.08848927432457,22.84190277816722,17.069607973098755
