etiqueta,L,HH,INC,w
valor,3.5959417783500864,27.785664257584173,0.1345743953897558,0.24449669144016653
