etiqueta,Y,C,I,G
valor,6.543283545605226,3.877379234751397,1.8571056581182797,1.1169128498030885
(in %),100.0,59.25739283231315,28.381861265443685,17.069607973098755
