etiqueta,Y,C,I,G
valor,2.693218490274167,1.7888151179036318,0.3530186555962119,0.5513868463498255
(in %),100.0,66.41923499201627,13.107687210341224,20.473156869411472
