etiqueta,TAUC,TAUW,TAUR,TOTAL,G,B
valor,0.5811730304886475,1.1964754557458273,0.0,1.7776484862344748,1.4546191297494513,0.6792386229981788
(in %),8.179767733093655,16.839892446694353,0.0,25.019660179788012,20.47315686941147,47.8
(rate),13.0,28.59595720935244,0.0,,,
