etiqueta,Y,C,I,G
valor,3.1886528685267614,2.005952778930623,0.529879935316018,0.6528179037944725
(in %),100.0,62.909098658250116,16.617673894394027,20.47315686941147
