etiqueta,K,A,B,BA,r,pa
valor,3.661055410184004,4.340294035265657,0.6792386229981788,0.0,0.5683376286217289,9.41778338962822
(in %),257.639131052865,305.4391311994852,47.8,0.0,,
