etiqueta,L,HH,INC,w
valor,3.9601682410224273,30.65933377373237,0.24481349587577417,0.40049131628747986
