etiqueta,Y,C,I,G
valor,5.349942281561317,3.3777194087482187,1.3054224569048407,1.0953020757270193
(in %),100.0,63.13562335783689,24.400683001833595,20.473156869411465
