etiqueta,K,A,B,BA,r,pa
valor,3.3793627004706206,3.8422778020417705,0.4629151017846904,0.0,0.35956691941799024,6.33595058588039
(in %),348.94851444623555,396.7485144241856,47.8,0.0,,
