etiqueta,TAUP,PEN,PP
valor,0.3182339234459273,0.21378866274955957,0.3182339234459273
(in %),16.947465784966052,0.732,9.980199682035613
