etiqueta,L,HH,INC,w
valor,3.9729521120706743,28.214336384631405,0.2920610146851907,0.4726377183189212
