etiqueta,Y,C,I,G
valor,4.842208177664126,2.9195309192742425,1.089046251972941,0.991352876156647
(in %),100.0,60.29337880889334,22.4906945760084,20.47315686941147
