etiqueta,TAUC,TAUW,TAUR,TOTAL,G,B
valor,0.26077386126098095,0.5368390207701268,0.0,0.7976128820311077,0.6528179037944725,0.3048352142311584
(in %),8.178182825572515,16.83591920804349,0.0,25.014102033616005,20.47315686941147,47.8
(rate),13.0,28.58922404632421,0.0,,,
