etiqueta,TAUP,PEN,PP
valor,0.7090941807037083,0.4763674941207167,0.7090941807037084
(in %),16.947465784966052,0.732,9.980204508402384
