etiqueta,K,A,B,BA,r,pa
valor,4.050788431831036,4.5622429139106,0.5114544821172619,0.0,0.31345696058674977,5.604681060665562
(in %),378.5824424491605,426.3824424456373,47.8,0.0,,
