etiqueta,TAUP,PEN,PP
valor,0.5339351808802821,0.3586961662644221,0.30914846972968335
(in %),16.947465784966056,0.732,5.778538411436133
