etiqueta,K,A,B,BA,r,pa
valor,1.6442428279705679,1.9490798855460636,0.3048352142311584,0.0,0.5677562325786318,9.409669766604424
(in %),257.8271915704405,305.62748061794946,47.800000000000004,0.0,,
