etiqueta,L,HH,INC,w
valor,3.456741484211645,30.80025982168252,0.4900220850606859,0.9114164649865354
