etiqueta,L,HH,INC,w
valor,3.971037065402042,28.191365861529817,0.6507752651922359,1.0536471935665392
