etiqueta,L,HH,INC,w
valor,3.3118729616836156,29.053937920433626,0.4435167376822374,0.861002598645965
