etiqueta,TAUP,PEN,PP
valor,0.2798088595067805,0.3246542519833978,0.2798088595067805
(in %),9.812582689495349,0.732,5.778538411410471
