etiqueta,TAUC,TAUW,TAUR,TOTAL,G,B
valor,0.43910352313726847,0.7690739954526384,0.0,1.2081775185899069,1.0953020757270193,0.5114544821172619
(in %),8.207631036518796,14.375369956854811,0.0,22.58300099337361,20.473156869411465,47.79999999999999
(rate),13.0,24.4109316837902,0.0,,,
