etiqueta,Y,C,I,G
valor,7.105006516717353,4.470561772989597,1.1798256139155763,1.4546191297494513
(in %),100.0,62.921290254566586,16.605552875139065,20.47315686941147
