etiqueta,L,HH,INC,w
valor,2.207527825296517,19.937060120369438,0.29932464021813987,0.8233537224018381
