etiqueta,TAUC,TAUW,TAUR,TOTAL,G,B
valor,0.1658888071519314,0.23047371330455219,0.0,0.39636252045648357,0.30155751887474297,0.1464504738546348
(in %),10.013330900374303,13.911785820744635,0.0,23.92511672111894,18.20252537727356,44.2
(rate),16.0,36.80374302266901,0.0,,,
