etiqueta,L,HH,INC,w
valor,2.8162301576753035,25.463839237145418,0.04675464251471593,0.10152798772257673
