etiqueta,Y,C,I,G
valor,4.808404398291783,2.957704057889608,1.2287636478463777,0.8752510308409998
(in %),100.0,61.51113369209028,25.554498874572694,18.20252537727356
