etiqueta,K,A,B,BA,r,pa
valor,5.856673132254953,6.394674843000348,0.5380017127340008,0.0,0.46867527885571847,7.990401774578038
(in %),481.16008986324016,525.3600896998646,44.2,0.0,,
