etiqueta,TAUC,TAUW,TAUR,TOTAL,G,B
valor,0.6328511629487945,0.6670179105890025,0.0,1.299869073537797,1.107804279305123,0.5380017127340008
(in %),10.398487863612683,10.959887654711062,0.0,21.358375518323744,18.20252537727356,44.2
(rate),16.0,28.994421593285104,0.0,,,
