etiqueta,Y,C,I,G
valor,0.756417549016783,0.5302983332378431,0.08842918696720081,0.1376870963179306
(in %),100.0,70.10656137303303,11.69052556780895,18.20252537727356
