etiqueta,TAUC,TAUW,TAUR,TOTAL,G,B
valor,0.47323264926233727,0.5783954990267052,0.0,1.0516281482890424,0.8752510308409998,0.42506294880899365
(in %),9.841781390734445,12.028844729286579,0.0,21.870626120021022,18.20252537727356,44.2
(rate),16.0,31.8223512387114,0.0,,,
