etiqueta,Y,C,I,G
valor,1.6566795684913438,1.0368050446995714,0.31831700569203336,0.30155751887474297
(in %),100.0,62.5833181273394,19.214156542167593,18.20252537727356
