etiqueta,L,HH,INC,w
valor,2.4259365660412318,22.6925588794584,0.37885487113746275,0.9482953162164759
