etiqueta,K,A,B,BA,r,pa
valor,1.100080072400776,1.2465348560424572,0.1464504738546348,0.0,0.7590306185384332,11.957883507904498
(in %),332.01353276861033,376.21483349903775,44.2,0.0,,
