etiqueta,TAUP,PEN,PP
valor,0.03140403159365572,0.03006323513696234,0.03140403159365572
(in %),10.983265505046361,0.643,4.151679404381315
