etiqueta,TAUP,PEN,PP
valor,0.09841860925483543,0.19246574366026395,0.09841860925483543
(in %),5.414826978085219,0.643,2.046803910457267
