etiqueta,TAUP,PEN,PP
valor,0.301618224088891,0.24360368214138856,0.124568326548712
(in %),13.11096120601748,0.643,2.0468039053159344
