etiqueta,TAUP,PEN,PP
valor,0.3683153467871086,0.297471994398055,0.3683153467871086
(in %),13.110961206017501,0.643,4.955941655919505
