etiqueta,L,HH,INC,w
valor,2.7105869110260405,19.405577536459898,0.4626314065288569,1.0363869743341583
