etiqueta,Y,C,I,G
valor,6.085992225497746,3.9553197684299657,1.6946754164065938,1.107804279305123
(in %),100.0,64.99054914757927,27.8455074146598,18.20252537727356
