etiqueta,L,HH,INC,w
valor,2.7231171003055157,19.5294503201211,0.10312862771754032,0.2299657144872852
