etiqueta,TAUP,PEN,PP
valor,0.08210392927375804,0.06631170762237842,0.08210392927375804
(in %),13.110961206017496,0.643,4.955932990018463
