etiqueta,K,A,B,BA,r,pa
valor,4.2465164553415935,4.6715793680827105,0.42506294880899365,0.0,0.5266221795002082,8.82941972801088
(in %),441.57230794171517,485.7723041912115,44.2,0.0,,
