etiqueta,K,A,B,BA,r,pa
valor,4.929690988049822,5.586661532521611,0.6569705399394886,0.0,0.7600216849387954,11.970496443430957
(in %),331.6622716322584,375.86227193718486,44.2,0.0,,
