etiqueta,Y,C,I,G
valor,7.4317934382295086,4.652573667399752,1.4264456867020998,1.3527740865802775
(in %),100.0,62.603646159844615,19.193828495883558,18.20252537727356
